Flush Count / Trapped (F/T),LEK EDITED,LEK CODE,Date,TEMP,WIND,SKY,MAX # BIRDS,# MALES,# FEMALES
F,WALKER1,A,3/14/2008,38,0,CLOUDY,15,#VALUE!,#VALUE!
T,WALKER1,A,3/21/2008,38,25,CLEAR,11,10,1
T,WALKER1,A,3/22/2008,40,0,PC,5,#VALUE!,#VALUE!
T,WALKER1,A,3/24/2008,35,10,PC,5,#VALUE!,#VALUE!
T,WALKER1,A,3/25/2008,43,10,CLEAR,12,10,2
F,WALKER1,A,3/30/2008,45,3,CLOUDY,6,6,#VALUE!
F,WALKER1,A,4/1/2008,33,7,CLEAR,1,1,0
F,WALKER1,A,4/11/2008,35,20,CLOUDY,5,#VALUE!,#VALUE!
F,WALKER1,A,4/13/2008,46,10,PC,6,#VALUE!,#VALUE!
F,WALKER1,A,5/7/2008,50,5,CLOUDY,4,4,0
F,WALKER1,A,2/14/2009,11,4,PC,20,#VALUE!,#VALUE!
F,WALKER1,A,3/3/2009,42,22,PC,16,#VALUE!,#VALUE!
F,WALKER1,A,3/3/2009,11,4,PC,20,20,#VALUE!
F,WALKER1,A,3/3/2009,25,10,PC,19,1,#VALUE!
F,WALKER1,A,3/13/2009,35,2,CLOUDY,14,14,0
T,WALKER1,A,3/14/2009,34,7,CLEAR,9,9,0
T,WALKER1,A,3/15/2009,30,5,CLOUDY,7,7,0
T,WALKER1,A,3/16/2009,40,0,CLEAR,14,13,1
T,WALKER1,A,3/17/2009,45,15,PC,10,9,1
T,WALKER1,A,4/5/2009,30,40,CLOUDY,14,14,0
T,WALKER1,A,4/6/2009,34,10,PC,16,15,1
T,WALKER1,A,4/7/2009,25,0,CLEAR,14,10,4
T,WALKER1,A,4/8/2009,40,0,CLEAR,9,#VALUE!,#VALUE!
T,WALKER1,A,4/9/2009,43,17,RAIN,6,6,0
F,WALKER1,A,4/23/2009,60,7,pc,9,9,0
F,WALKER1,A,3/15/2010,37,20,CLOUDY,7,#VALUE!,#VALUE!
T,WALKER1,A,3/16/2010,40,10,CLOUDY,4,4,0
T,WALKER1,A,3/17/2010,40,7,CLOUDY,0,#VALUE!,#VALUE!
T,WALKER1,A,3/29/2010,35,10,CLEAR,8,7,1
T,WALKER1,A,3/30/2010,40,20,PC,2,1,1
T,WALKER1,A,3/31/2010,45,5,PC,7,7,0
T,WALKER1,A,4/1/2010,55,10,PC,6,5,1
F,WALKER1,A,4/9/2010,36,7,CLEAR,7,5,2
T,WALKER1,A,4/11/2010,50,0,CLEAR,6,5,1
T,WALKER1,A,4/12/2010,53,5,PC,3,3,0
T,WALKER1,A,4/13/2010,55,7,PC,6,5,1
T,WALKER1,A,4/14/2010,50,10,RAIN,4,3,1
F,WALKER1,A,4/16/2010,60,5,CLOUDY,6,#VALUE!,#VALUE!
F,WALKER1,A,3/4/2011,36,15,CLOUDY,1,#VALUE!,#VALUE!
F,WALKER1,A,3/8/2011,35,8,FOG,6,#VALUE!,#VALUE!
F,WALKER1,A,3/19/2011,40,5,PC,5,#VALUE!,#VALUE!
T,WALKER1,A,3/22/2011,61,21,CLEAR,4,4,0
T,WALKER1,A,3/23/2011,44,20,CLEAR,6,5,1
T,WALKER1,A,3/24/2011,28,9,CLOUDY,7,5,2
T,WALKER1,A,4/7/2011,45,7,CLOUDY,6,6,0
T,WALKER1,A,4/9/2011,65,15,CLEAR,8,5,3
T,WALKER1,A,4/10/2011,65,35,CLOUDY,7,#VALUE!,#VALUE!
T,WALKER1,A,4/11/2011,50,5,CLEAR,5,3,2
T,WALKER1,A,5/1/2011,48,7,CLOUDY,10,9,1
F,WALKER1,A,4/9/2012,60,5,CLEAR,2,#VALUE!,#VALUE!
T,WALKER1,A,4/15/2012,50,12,FOG,3,3,0
F,WALKER1,A,4/22/2012,50,20,CLEAR,2,2,0
F,WALKER1,A,4/23/2012,40,20,CLEAR,2,#VALUE!,#VALUE!
F,WALKER2,B,3/14/2008,38,0,CLOUDY,14,#VALUE!,#VALUE!
T,WALKER2,B,3/21/2008,38,25,CLEAR,12,#VALUE!,#VALUE!
T,WALKER2,B,3/22/2008,40,0,PC,9,8,1
T,WALKER2,B,3/24/2008,35,10,PC,11,9,2
T,WALKER2,B,3/25/2008,43,10,CLEAR,10,9,1
F,WALKER2,B,3/30/2008,45,3,CLOUDY,9,9,#VALUE!
F,WALKER2,B,4/1/2008,31,10,CLEAR,2,2,0
T,WALKER2,B,4/11/2008,35,20,CLOUDY,8,#VALUE!,#VALUE!
T,WALKER2,B,4/13/2008,46,10,PC,18,14,4
T,WALKER2,B,4/14/2008,38,3,CLEAR,16,12,4
T,WALKER2,B,4/15/2008,42,40,CLEAR,7,5,2
T,WALKER2,B,4/16/2008,45,35,PC,9,7,2
F,WALKER2,B,4/19/2008,35,5,CLEAR,5,#VALUE!,#VALUE!
T,WALKER2,B,4/19/2008,35,5,CLEAR,9,5,3
T,WALKER2,B,4/20/2008,43,20,CLOUDY,6,5,1
T,WALKER2,B,4/21/2008,55,5,CLOUDY,5,5,#VALUE!
T,WALKER2,B,4/22/2008,50,10,PC,7,5,2
F,WALKER2,B,5/7/2008,50,5,CLOUDY,2,2,0
F,WALKER2,B,3/3/2009,25,10,PC,17,#VALUE!,#VALUE!
F,WALKER2,B,3/4/2009,35,20,PC,12,#VALUE!,#VALUE!
F,WALKER2,B,3/6/2009,45,4,PC,17,0,0
F,WALKER2,B,3/6/2009,45,4,PC,17,0,0
F,WALKER2,B,3/6/2009,45,4,PC,17,0,0
T,WALKER2,B,3/6/2009,45,4,PC,17,#VALUE!,#VALUE!
F,WALKER2,B,3/13/2009,35,3,CLOUDY,12,12,0
F,WALKER2,B,3/14/2009,37,8,CLEAR,11,11,0
F,WALKER2,B,3/17/2009,70,5,CLEAR,10,#VALUE!,#VALUE!
T,WALKER2,B,3/18/2009,45,15,PC,10,10,0
T,WALKER2,B,3/19/2009,45,5,PC,16,10,6
T,WALKER2,B,3/20/2009,40,20,CLOUDY,7,7,#VALUE!
T,WALKER2,B,3/21/2009,40,0,PC,10,9,1
T,WALKER2,B,3/22/2009,50,15,PC,10,9,1
T,WALKER2,B,3/23/2009,61,25,PC,5,#VALUE!,#VALUE!
F,WALKER2,B,4/23/2009,60,7,pc,13,13,0
F,WALKER2,B,3/15/2010,37,20,CLOUDY,2,#VALUE!,#VALUE!
F,WALKER2,B,3/16/2010,40,13,CLOUDY,10,#VALUE!,#VALUE!
F,WALKER2,B,3/17/2010,40,15,CLOUDY,9,#VALUE!,#VALUE!
T,WALKER2,B,3/30/2010,45,15,CLOUDY,12,11,1
T,WALKER2,B,3/31/2010,50,0,PC,13,10,3
T,WALKER2,B,4/1/2010,50,15,CLOUDY,10,8,2
F,WALKER2,B,4/11/2010,50,0,CLEAR,23,#VALUE!,#VALUE!
T,WALKER2,B,4/13/2010,61,10,CLEAR,14,10,4
T,WALKER2,B,4/14/2010,65,13,CLEAR,13,8,5
F,WALKER2,B,4/16/2010,60,5,CLOUDY,7,#VALUE!,#VALUE!
T,WALKER2,B,4/17/2010,39,7,CLEAR,10,8,2
F,WALKER2,B,3/4/2011,36,15,CLOUDY,14,#VALUE!,#VALUE!
T,WALKER2,B,3/5/2011,15,10,CLEAR,5,5,#VALUE!
T,WALKER2,B,3/7/2011,36,5,RAIN,10,10,#VALUE!
T,WALKER2,B,3/8/2011,35,8,FOG,7,7,#VALUE!
T,WALKER2,B,3/9/2011,34,15,CLOUDY,10,5,#VALUE!
F,WALKER2,B,3/19/2011,40,5,PC,15,#VALUE!,#VALUE!
T,WALKER2,B,3/22/2011,64,30,PC,8,7,1
T,WALKER2,B,3/23/2011,45,20,CLEAR,11,#VALUE!,#VALUE!
T,WALKER2,B,3/24/2011,27,8,CLOUDY,9,8,1
T,WALKER2,B,4/6/2011,50,15,PC,5,5,0
T,WALKER2,B,4/7/2011,48,7,CLOUDY,12,9,3
T,WALKER2,B,4/8/2011,50,7,FOG,9,9,0
T,WALKER2,B,4/9/2011,65,5,CLEAR,12,9,3
T,WALKER2,B,4/23/2011,49,12,PC,10,9,#VALUE!
T,WALKER2,B,4/24/2011,40,0,CLOUDY,9,9,0
T,WALKER2,B,4/25/2011,47,2,RAIN,9,9,#VALUE!
T,WALKER2,B,4/26/2011,38,11,PC,9,9,0
T,WALKER2,B,4/27/2011,42,15,PC,9,9,0
T,WALKER2,B,4/28/2011,43,7,CLEAR,10,10,0
T,WALKER2,B,5/2/2011,40,3,PC,8,8,0
T,WALKER2,B,5/3/2011,36,2,CLEAR,10,#VALUE!,#VALUE!
T,WALKER2,B,5/4/2011,47,10,PC,10,9,1
T,WALKER2,B,5/5/2011,52,4,CLOUDY,9,9,0
T,WALKER2,B,5/6/2011,45,15,CLEAR,9,9,0
T,WALKER2,B,5/7/2011,56,5,CLEAR,10,9,1
T,WALKER2,B,5/8/2011,61,10,PC,9,8,1
T,WALKER2,B,5/9/2011,71,23,CLEAR,9,9,#VALUE!
T,WALKER2,B,5/10/2011,65,15,PC,9,9,0
T,WALKER2,B,5/11/2011,70,15,PC,10,9,1
T,WALKER2,B,5/12/2011,62,10,PC,11,9,2
T,WALKER2,B,5/13/2011,49,20,CLOUDY,8,7,1
T,WALKER2,B,4/4/2012,52,2,CLOUDY,12,10,2
F,WALKER2,B,4/9/2012,60,5,CLEAR,0,#VALUE!,#VALUE!
F,WALKER2,B,4/22/2012,50,20,CLEAR,0,#VALUE!,#VALUE!
F,WALKER2,B,4/23/2012,40,10,CLEAR,0,#VALUE!,#VALUE!
F,CHAMPLIN,C,3/2/2008,45,25,PC,4,#VALUE!,#VALUE!
F,CHAMPLIN,C,3/13/2008,42,0,CLOUDY,13,10,3
T,CHAMPLIN,C,3/14/2008,38,0,CLOUDY,11,8,3
T,CHAMPLIN,C,3/15/2008,30,15,CLOUDY,10,9,1
T,CHAMPLIN,C,3/16/2008,34,5,CLOUDY,10,9,1
T,CHAMPLIN,C,3/17/2008,42,15,RAIN,2,2,0
T,CHAMPLIN,C,3/18/2008,38,0,CLOUDY,6,6,0
T,CHAMPLIN,C,3/19/2008,38,5,CLEAR,8,7,1
F,CHAMPLIN,C,3/30/2008,43,0,CLOUDY,6,6,#VALUE!
F,CHAMPLIN,C,4/1/2008,32,5,CLEAR,7,7,0
F,CHAMPLIN,C,4/11/2008,35,20,CLOUDY,2,#VALUE!,#VALUE!
T,CHAMPLIN,C,4/12/2008,30,10,PC,1,#VALUE!,#VALUE!
F,CHAMPLIN,C,4/13/2008,35,5,CLEAR,3,2,1
F,CHAMPLIN,C,4/19/2008,38,9,PC,5,5,0
T,CHAMPLIN,C,4/19/2008,38,9,PC,9,8,1
T,CHAMPLIN,C,4/27/2008,33,5,CLEAR,4,4,0
F,CHAMPLIN,C,5/8/2008,50,5,CLOUDY,3,3,0
T,CHAMPLIN,C,3/13/2009,35,2,CLOUDY,0,0,0
F,CHAMPLIN,C,4/7/2010,45,15,RAIN,4,#VALUE!,#VALUE!
T,CHAMPLIN,C,4/10/2010,50,3,PC,4,2,2
T,CHAMPLIN,C,4/11/2010,50,2,CLEAR,3,2,1
T,CHAMPLIN,C,4/12/2010,64,12,CLEAR,3,3,0
F,CHAMPLIN,C,3/21/2011,65,5,CLEAR,0,#VALUE!,#VALUE!
F,CHAMPLIN,C,4/3/2011,65,20,PC,0,0,0
F,CHAMPLIN,C,4/12/2012,48,13,CLOUDY,0,#VALUE!,#VALUE!
F,CHAMPLIN,C,4/23/2012,40,10,CLEAR,0,#VALUE!,#VALUE!
F,WW2,D,3/3/2009,27,12,PC,13,0,0
F,WW2,D,3/5/2009,55,15,PC,17,#VALUE!,#VALUE!
F,WW2,D,4/17/2009,51,10,CLOUDY,19,#VALUE!,#VALUE!
F,WW2,D,3/22/2010,26,5,PC,17,#VALUE!,#VALUE!
F,WW2,D,3/29/2010,43,5,CLEAR,25,#VALUE!,#VALUE!
F,WW2,D,3/15/2011,30,5,PC,12,#VALUE!,#VALUE!
F,WW2,D,4/1/2011,50,10,PC,14,#VALUE!,#VALUE!
F,WW2,D,4/1/2011,50,10,PC,14,0,0
F,WW2,D,4/9/2012,55,5,CLEAR,15,#VALUE!,#VALUE!
F,WW2,D,4/22/2012,60,20,CLEAR,9,#VALUE!,#VALUE!
F,MCGEOUCH,E,3/7/2007,,,,6,#VALUE!,#VALUE!
F,MCGEOUCH,E,3/21/2007,,,,10,#VALUE!,#VALUE!
F,MCGEOUCH,E,4/13/2007,,,,7,#VALUE!,#VALUE!
F,MCGEOUCH,E,4/20/2007,51,20,PC,15,#VALUE!,#VALUE!
T,MCGEOUCH,E,4/22/2007,48,,CLEAR,9,9,0
T,MCGEOUCH,E,4/24/2007,60,10,RAIN,11,11,0
F,MCGEOUCH,E,5/1/2007,63,,CLOUDY,2,2,0
F,MCGEOUCH,E,3/2/2008,45,25,PC,7,7,0
F,MCGEOUCH,E,3/30/2008,45,0,RAIN,8,8,#VALUE!
F,MCGEOUCH,E,4/1/2008,33,3,CLEAR,10,10,0
F,MCGEOUCH,E,4/7/2008,37,0,PC,12,#VALUE!,#VALUE!
F,MCGEOUCH,E,4/9/2008,54,5,PC,6,6,0
T,MCGEOUCH,E,4/10/2008,48,10,CLOUDY,1,1,0
T,MCGEOUCH,E,4/11/2008,45,15,CLOUDY,7,5,2
T,MCGEOUCH,E,4/12/2008,44,10,PC,8,6,2
F,MCGEOUCH,E,4/13/2008,35,5,CLEAR,7,#VALUE!,#VALUE!
F,MCGEOUCH,E,5/7/2008,50,5,CLOUDY,5,5,0
F,MCGEOUCH,E,3/3/2009,25,10,PC,0,#VALUE!,#VALUE!
F,MCGEOUCH,E,3/16/2009,38,4,CLEAR,0,0,0
F,MCGEOUCH,E,3/18/2009,45,15,PC,3,3,0
F,MCGEOUCH,E,4/7/2009,30,5,CLEAR,0,0,0
F,MCGEOUCH,E,4/17/2009,51,10,PC,0,#VALUE!,#VALUE!
F,MCGEOUCH,E,4/23/2009,60,7,pc,0,0,0
F,MCGEOUCH,E,3/22/2010,30,12,PC,0,#VALUE!,#VALUE!
F,MCGEOUCH,E,4/7/2010,41,15,RAIN,0,#VALUE!,#VALUE!
F,MCGEOUCH,E,5/3/2010,45,10,CLEAR,0,0,0
F,MCGEOUCH,E,3/1/2011,25,12,CLEAR,0,#VALUE!,#VALUE!
F,MCGEOUCH,E,3/18/2011,41,10,CLOUDY,1,#VALUE!,#VALUE!
F,MCGEOUCH,E,4/3/2011,60,15,PC,0,0,0
F,MCGEOUCH,E,4/9/2012,55,5,CLEAR,0,#VALUE!,#VALUE!
F,MCGEOUCH,E,4/23/2012,35,0,CLEAR,0,#VALUE!,#VALUE!
F,WW1,F,3/3/2009,27,12,PC,22,#VALUE!,#VALUE!
F,WW1,F,3/5/2009,54,15,PC,22,#VALUE!,#VALUE!
F,WW1,F,3/12/2009,13,8,CLOUDY,19,19,#VALUE!
T,WW1,F,3/13/2009,30,5,CLOUDY,19,19,0
T,WW1,F,3/14/2009,40,5,PC,21,#VALUE!,#VALUE!
T,WW1,F,3/15/2009,45,5,PC,22,22,0
T,WW1,F,3/16/2009,45,5,CLEAR,22,#VALUE!,#VALUE!
T,WW1,F,3/22/2009,45,25,PC,12,12,#VALUE!
T,WW1,F,3/22/2009,50,35,PC,18,18,0
T,WW1,F,3/24/2009,35,20,PC,21,#VALUE!,5
T,WW1,F,3/25/2009,40,5,PC,18,18,0
T,WW1,F,3/31/2009,30,20,PC,23,18,5
T,WW1,F,4/1/2009,28,2,PC,33,25,8
T,WW1,F,4/3/2009,25,5,PC,23,#VALUE!,4
T,WW1,F,4/4/2009,35,15,PC,26,23,3
F,WW1,F,4/7/2009,32,5,CLEAR,20,17,3
T,WW1,F,4/13/2009,40,20,RAIN,18,18,0
T,WW1,F,4/14/2009,40,5,PC,24,#VALUE!,4
T,WW1,F,4/15/2009,45,25,PC,27,#VALUE!,6
T,WW1,F,4/16/2009,45,15,PC,20,16,4
F,WW1,F,4/17/2009,51,10,CLOUDY,17,#VALUE!,#VALUE!
F,WW1,F,4/22/2009,78,7,CLEAR,20,20,0
T,WW1,F,4/23/2009,55,3,CLEAR,16,15,1
T,WW1,F,4/24/2009,55,5,CLEAR,15,15,0
T,WW1,F,4/25/2009,40,25,CLOUDY,15,15,0
T,WW1,F,4/28/2009,36,0,CLEAR,13,13,0
T,WW1,F,4/30/2009,55,1,RAIN,9,9,0
T,WW1,F,5/2/2009,48,5,PC,9,9,0
F,WW1,F,3/15/2010,37,20,CLOUDY,7,#VALUE!,#VALUE!
F,WW1,F,3/22/2010,26,10,PC,5,5,0
F,WW1,F,3/29/2010,45,5,CLEAR,13,7,6
T,WW1,F,4/1/2010,50,15,CLOUDY,9,7,2
T,WW1,F,4/2/2010,43,10,CLOUDY,8,7,1
T,WW1,F,4/3/2010,39,5,CLEAR,16,8,14
T,WW1,F,4/4/2010,42,5,PC,13,8,5
T,WW1,F,4/5/2010,43,7,PC,16,9,7
T,WW1,F,4/6/2010,50,12,CLEAR,10,5,5
T,WW1,F,4/11/2010,45,5,CLEAR,13,9,4
T,WW1,F,4/11/2010,45,10,CLEAR,9,6,3
T,WW1,F,4/13/2010,55,10,PC,7,6,1
T,WW1,F,4/14/2010,60,15,CLOUDY,9,6,3
T,WW1,F,4/23/2010,64,15,RAIN,1,1,0
T,WW1,F,4/24/2010,52,4,CLOUDY,7,7,0
T,WW1,F,4/25/2010,50,15,PC,2,2,0
F,WW1,F,2/23/2011,28,9,CLEAR,1,#VALUE!,#VALUE!
F,WW1,F,3/15/2011,30,5,PC,0,0,0
F,WW1,F,4/1/2011,50,10,PC,0,#VALUE!,#VALUE!
F,WW1,F,4/9/2012,55,5,CLEAR,0,#VALUE!,#VALUE!
F,WW1,F,4/22/2012,60,20,CLEAR,0,0,0
F,EW4,G,3/2/2011,20,10,PC,9,#VALUE!,#VALUE!
F,EW4,G,3/18/2011,40,7,CLOUDY,9,#VALUE!,#VALUE!
F,EW4,G,3/19/2011,40,10,CLOUDY,8,#VALUE!,#VALUE!
F,EW4,G,3/21/2011,45,15,CLEAR,8,8,0
F,EW4,G,3/29/2011,38,10,CLOUDY,8,#VALUE!,#VALUE!
T,EW4,G,4/2/2011,50,5,PC,8,7,1
T,EW4,G,4/3/2011,57,19,PC,6,6,0
T,EW4,G,4/4/2011,40,30,CLOUDY,7,6,1
T,EW4,G,4/5/2011,35,5,CLEAR,6,5,1
T,EW4,G,4/11/2011,55,10,CLEAR,3,1,2
T,EW4,G,4/13/2011,50,10,CLOUDY,7,4,3
T,EW4,G,4/14/2011,48,16,PC,6,5,1
F,EW4,G,4/16/2011,34,20,CLEAR,8,#VALUE!,#VALUE!
T,EW4,G,4/29/2011,41,12,PC,4,4,0
T,EW4,G,4/30/2011,49,24,CLOUDY,4,4,#VALUE!
T,EW4,G,5/1/2011,50,3,PC,6,5,1
T,EW4,G,5/2/2011,38,6,PC,6,6,0
T,EW4,G,5/3/2011,45,3,PC,5,5,0
T,EW4,G,5/4/2011,47,15,PC,6,6,#VALUE!
T,EW4,G,5/5/2011,46,2,RAIN,6,6,0
T,EW4,G,5/6/2011,45,8,CLEAR,5,5,0
F,EW4,G,4/9/2012,55,5,CLEAR,4,#VALUE!,#VALUE!
F,EW4,G,4/21/2012,58,15,CLEAR,4,#VALUE!,#VALUE!
F,EW4,G,5/12/2012,60,10,RAIN,4,4,#VALUE!
F,SULANKA,H,2/19/2007,,,,9,#VALUE!,#VALUE!
F,SULANKA,H,3/4/2007,,,,8,#VALUE!,#VALUE!
F,SULANKA,H,4/3/2007,,,,7,#VALUE!,#VALUE!
T,SULANKA,H,4/19/2007,50,0,PC,4,4,0
T,SULANKA,H,4/20/2007,50,20,CLEAR,5,4,1
T,SULANKA,H,4/21/2007,,,,3,3,0
F,SULANKA,H,3/2/2008,50,25,PC,10,#VALUE!,#VALUE!
T,SULANKA,H,3/25/2008,50,5,PC,7,7,0
T,SULANKA,H,3/26/2008,38,10,CLOUDY,6,5,1
T,SULANKA,H,3/28/2008,38,0,CLOUDY,8,7,1
F,SULANKA,H,4/13/2008,40,5,CLEAR,10,#VALUE!,#VALUE!
F,SULANKA,H,2/14/2009,11,4,PC,8,8,0
F,SULANKA,H,3/3/2009,25,10,PC,0,0,0
F,SULANKA,H,3/14/2009,41,9,CLOUDY,3,#VALUE!,#VALUE!
F,SULANKA,H,3/16/2009,40,5,CLEAR,2,#VALUE!,#VALUE!
F,SULANKA,H,3/18/2009,40,15,PC,4,#VALUE!,#VALUE!
T,SULANKA,H,3/23/2009,30,10,CLEAR,4,4,0
F,SULANKA,H,4/23/2009,60,7,pc,1,1,0
F,SULANKA,H,3/15/2010,36,20,CLOUDY,0,#VALUE!,#VALUE!
F,SULANKA,H,3/19/2010,38,22,CLOUDY,3,#VALUE!,#VALUE!
F,SULANKA,H,4/13/2010,55,20,PC,0,0,0
F,SULANKA,H,5/3/2010,45,10,CLEAR,2,2,0
F,SULANKA,H,3/1/2011,29,6,PC,0,#VALUE!,#VALUE!
F,SULANKA,H,3/18/2011,40,7,CLOUDY,0,#VALUE!,#VALUE!
F,SULANKA,H,4/16/2011,35,20,CLEAR,0,0,0
F,SULANKA,H,4/9/2012,55,1,CLEAR,0,#VALUE!,#VALUE!
F,SULANKA,H,4/21/2012,58,10,CLEAR,0,#VALUE!,0
F,HUPACH,I,2/19/2007,,,,12,#VALUE!,#VALUE!
F,HUPACH,I,3/4/2007,,,,17,#VALUE!,#VALUE!
F,HUPACH,I,4/13/2007,,,,16,#VALUE!,#VALUE!
T,HUPACH,I,4/16/2007,,,,19,#VALUE!,#VALUE!
F,HUPACH,I,4/19/2007,70,0,CLOUDY,11,#VALUE!,#VALUE!
T,HUPACH,I,4/19/2007,56,15,FOG,13,12,1
T,HUPACH,I,4/20/2007,58,20,FOG,19,19,0
F,HUPACH,I,4/21/2007,60,0,CLEAR,3,#VALUE!,#VALUE!
F,HUPACH,I,4/22/2007,0,0,RAIN,12,#VALUE!,#VALUE!
T,HUPACH,I,4/23/2007,60,5,CLEAR,16,14,2
T,HUPACH,I,4/25/2007,50,,FOG,14,13,1
T,HUPACH,I,4/26/2007,50,5,CLEAR,13,13,0
T,HUPACH,I,4/27/2007,45,0,CLOUDY,14,13,1
F,HUPACH,I,5/1/2007,63,,CLOUDY,13,#VALUE!,0
F,HUPACH,I,5/9/2007,72,2,CLOUDY,5,5,0
F,HUPACH,I,3/2/2008,45,25,PC,0,#VALUE!,#VALUE!
T,HUPACH,I,3/9/2008,30,5,PC,9,9,0
T,HUPACH,I,3/10/2008,20,0,CLEAR,7,7,0
T,HUPACH,I,3/11/2008,33,5,CLEAR,7,7,0
T,HUPACH,I,3/12/2008,35,5,CLEAR,5,5,0
F,HUPACH,I,3/28/2008,38,0,CLOUDY,12,#VALUE!,#VALUE!
T,HUPACH,I,3/29/2008,40,10,PC,10,10,#VALUE!
T,HUPACH,I,3/30/2008,56,10,CLOUDY,8,8,0
T,HUPACH,I,4/1/2008,54,15,PC,7,7,0
F,HUPACH,I,4/11/2008,35,20,CLOUDY,2,#VALUE!,#VALUE!
F,HUPACH,I,4/13/2008,35,5,CLEAR,7,#VALUE!,#VALUE!
F,HUPACH,I,5/7/2008,50,5,CLOUDY,0,0,0
F,HUPACH,I,3/3/2009,25,10,PC,0,#VALUE!,#VALUE!
F,HUPACH,I,4/17/2009,51,10,PC,4,#VALUE!,#VALUE!
T,HUPACH,I,4/18/2009,45,15,CLOUDY,4,4,0
T,HUPACH,I,4/20/2009,40,5,PC,4,4,0
F,HUPACH,I,4/23/2009,60,7,pc,5,5,0
F,HUPACH,I,3/15/2010,37,20,CLOUDY,0,#VALUE!,#VALUE!
F,HUPACH,I,4/7/2010,41,20,RAIN,1,#VALUE!,#VALUE!
F,HUPACH,I,5/3/2010,45,10,CLEAR,0,0,0
F,HUPACH,I,3/1/2011,25,12,CLEAR,0,#VALUE!,#VALUE!
F,HUPACH,I,3/18/2011,41,7,CLOUDY,1,#VALUE!,#VALUE!
F,HUPACH,I,4/3/2011,60,15,PC,1,0,0
F,HUPACH,I,4/22/2012,50,20,CLEAR,0,#VALUE!,#VALUE!
F,HUPACH,I,5/12/2012,50,15,CLOUDY,0,#VALUE!,#VALUE!
F,HUPACH2,J,5/6/2011,70,20,PC,12,#VALUE!,#VALUE!
F,HUPACH2,J,4/22/2012,50,20,CLEAR,3,3,0
F,HUPACH2,J,5/12/2012,50,10,CLOUDY,3,#VALUE!,#VALUE!
T,DEGRAFF,K,4/26/2007,,,,9,9,0
T,DEGRAFF,K,4/26/2007,50,10,CLOUDY,9,9,0
T,DEGRAFF,K,4/27/2007,50,10,CLOUDY,9,9,0
T,DEGRAFF,K,4/29/2007,57,5,CLEAR,7,7,0
F,DEGRAFF,K,3/2/2008,50,25,CLOUDY,12,#VALUE!,#VALUE!
T,DEGRAFF,K,3/4/2008,30,5,CLEAR,9,9,0
T,DEGRAFF,K,3/5/2008,33,20,CLOUDY,0,0,0
F,DEGRAFF,K,3/16/2008,37,8,CLOUDY,9,9,0
T,DEGRAFF,K,3/18/2008,40,0,CLOUDY,11,10,1
T,DEGRAFF,K,3/19/2008,40,5,CLEAR,9,7,2
T,DEGRAFF,K,3/20/2008,40,5,PC,12,#VALUE!,0
T,DEGRAFF,K,3/28/2008,40,5,FOG,9,7,2
T,DEGRAFF,K,4/1/2008,38,10,CLEAR,11,9,2
T,DEGRAFF,K,4/2/2008,35,10,CLEAR,10,9,1
T,DEGRAFF,K,4/3/2008,40,5,RAIN,7,7,0
F,DEGRAFF,K,4/11/2008,35,20,CLOUDY,9,#VALUE!,#VALUE!
F,DEGRAFF,K,4/13/2008,35,5,CLEAR,7,6,1
T,DEGRAFF,K,4/23/2008,50,5,CLEAR,8,8,0
T,DEGRAFF,K,4/24/2008,60,10,FOG,5,5,0
T,DEGRAFF,K,4/27/2008,30,5,CLEAR,7,7,#VALUE!
T,DEGRAFF,K,4/28/2008,40,5,CLEAR,6,5,1
T,DEGRAFF,K,4/29/2008,40,5,CLEAR,5,4,1
T,DEGRAFF,K,4/30/2008,50,10,PC,4,4,0
F,DEGRAFF,K,5/7/2008,50,5,CLOUDY,5,5,0
F,DEGRAFF,K,2/14/2009,11,4,PC,6,6,0
F,DEGRAFF,K,3/3/2009,25,10,PC,10,#VALUE!,#VALUE!
F,DEGRAFF,K,3/3/2009,11,4,PC,6,6,#VALUE!
T,DEGRAFF,K,3/10/2009,20,15,CLOUDY,15,15,#VALUE!
T,DEGRAFF,K,3/11/2009,10,15,CLEAR,7,7,#VALUE!
T,DEGRAFF,K,3/12/2009,10,20,PC,8,8,0
T,DEGRAFF,K,3/26/2009,45,0,CLOUDY,14,14,0
T,DEGRAFF,K,3/27/2009,30,40,CLOUDY,12,12,0
T,DEGRAFF,K,3/29/2009,25,2,CLEAR,12,10,2
T,DEGRAFF,K,3/30/2009,25,10,PC,11,11,0
T,DEGRAFF,K,3/31/2009,25,35,PC,6,#VALUE!,#VALUE!
T,DEGRAFF,K,4/9/2009,40,18,CLOUDY,10,10,0
T,DEGRAFF,K,4/11/2009,45,0,CLEAR,10,8,2
T,DEGRAFF,K,4/13/2009,40,10,CLOUDY,9,8,1
T,DEGRAFF,K,4/14/2009,35,0,CLEAR,9,8,1
T,DEGRAFF,K,4/15/2009,42,10,PC,8,7,1
F,DEGRAFF,K,4/23/2009,60,7,pc,7,7,0
F,DEGRAFF,K,3/5/2010,40,20,PC,8,#VALUE!,#VALUE!
F,DEGRAFF,K,3/15/2010,37,15,CLOUDY,9,#VALUE!,#VALUE!
F,DEGRAFF,K,3/19/2010,38,20,CLOUDY,8,#VALUE!,#VALUE!
F,DEGRAFF,K,3/26/2010,50,20,PC,6,#VALUE!,#VALUE!
T,DEGRAFF,K,3/28/2010,40,15,PC,11,10,1
T,DEGRAFF,K,3/29/2010,35,5,CLEAR,10,9,1
T,DEGRAFF,K,3/30/2010,42,15,CLOUDY,10,9,1
T,DEGRAFF,K,3/31/2010,45,10,PC,9,8,1
T,DEGRAFF,K,4/9/2010,37,2,CLEAR,9,7,2
T,DEGRAFF,K,4/10/2010,56,10,CLEAR,12,8,4
T,DEGRAFF,K,4/11/2010,45,5,CLEAR,9,7,2
T,DEGRAFF,K,4/12/2010,48,1,PC,8,7,1
T,DEGRAFF,K,4/24/2010,45,2,PC,7,7,#VALUE!
T,DEGRAFF,K,4/25/2010,48,15,PC,6,6,0
T,DEGRAFF,K,4/26/2010,40,20,PC,5,5,0
T,DEGRAFF,K,4/27/2010,46,10,CLOUDY,6,6,0
F,DEGRAFF,K,2/6/2011,36,5,CLOUDY,10,#VALUE!,#VALUE!
F,DEGRAFF,K,3/1/2011,25,12,CLEAR,15,#VALUE!,#VALUE!
T,DEGRAFF,K,3/8/2011,36,10,CLOUDY,12,12,#VALUE!
T,DEGRAFF,K,3/9/2011,37,25,CLOUDY,0,0,0
T,DEGRAFF,K,3/10/2011,33,2,CLEAR,11,#VALUE!,#VALUE!
T,DEGRAFF,K,3/11/2011,40,7,CLEAR,9,#VALUE!,#VALUE!
T,DEGRAFF,K,3/12/2011,40,5,CLEAR,8,8,0
T,DEGRAFF,K,3/30/2011,35,3,CLOUDY,11,#VALUE!,#VALUE!
T,DEGRAFF,K,3/31/2011,40,15,RAIN,12,10,2
T,DEGRAFF,K,4/1/2011,42,7,PC,8,#VALUE!,#VALUE!
T,DEGRAFF,K,4/2/2011,52,2,PC,5,5,0
T,DEGRAFF,K,4/10/2011,70,19,PC,4,4,#VALUE!
T,DEGRAFF,K,4/11/2011,50,5,PC,7,6,1
T,DEGRAFF,K,4/12/2011,55,2,CLEAR,6,5,1
T,DEGRAFF,K,4/13/2011,53,10,CLOUDY,5,5,0
F,DEGRAFF,K,4/7/2012,60,5,CLEAR,9,#VALUE!,#VALUE!
T,DEGRAFF,K,4/9/2012,55,3,CLEAR,11,10,1
T,DEGRAFF,K,4/21/2012,40,7,CLEAR,10,9,1
F,EW2,L,3/18/2009,40,15,PC,15,#VALUE!,#VALUE!
F,EW2,L,3/23/2009,34,10,CLEAR,15,15,0
T,EW2,L,3/26/2009,35,5,PC,10,8,2
T,EW2,L,3/27/2009,21,25,CLOUDY,9,9,#VALUE!
T,EW2,L,3/29/2009,25,0,CLEAR,17,13,4
T,EW2,L,3/30/2009,40,10,CLOUDY,12,12,0
F,EW2,L,4/5/2009,34,45,CLOUDY,7,7,0
T,EW2,L,4/7/2009,22,5,CLEAR,14,11,3
T,EW2,L,4/8/2009,37,5,CLEAR,15,13,2
T,EW2,L,4/9/2009,40,30,PC,11,11,0
T,EW2,L,4/11/2009,35,0,CLEAR,20,13,7
T,EW2,L,4/16/2009,45,10,PC,13,13,0
T,EW2,L,4/17/2009,45,10,CLOUDY,16,#VALUE!,2
T,EW2,L,4/20/2009,42,10,PC,14,#VALUE!,3
F,EW2,L,3/5/2010,40,20,PC,19,#VALUE!,#VALUE!
F,EW2,L,3/15/2010,36,18,CLOUDY,9,#VALUE!,#VALUE!
F,EW2,L,3/17/2010,40,10,CLOUDY,18,#VALUE!,#VALUE!
T,EW2,L,3/18/2010,25,7,CLEAR,8,8,0
T,EW2,L,3/18/2010,25,7,CLEAR,8,8,0
T,EW2,L,3/19/2010,40,30,CLOUDY,11,11,0
T,EW2,L,3/22/2010,32,7,PC,10,10,0
T,EW2,L,4/5/2010,53,8,CLOUDY,17,16,#VALUE!
T,EW2,L,4/6/2010,68,32,CLOUDY,11,11,0
T,EW2,L,4/7/2010,33,5,RAIN,9,8,1
T,EW2,L,4/8/2010,37,9,PC,15,12,3
T,EW2,L,4/15/2010,50,8,CLEAR,14,13,1
T,EW2,L,4/17/2010,40,10,PC,13,12,1
T,EW2,L,4/19/2010,48,0,CLEAR,13,13,0
T,EW2,L,4/20/2010,40,5,PC,13,13,0
T,EW2,L,4/27/2010,39,7,CLOUDY,5,5,#VALUE!
T,EW2,L,4/29/2010,51,40,CLEAR,0,0,0
T,EW2,L,5/1/2010,55,5,PC,0,0,0
T,EW2,L,5/3/2010,40,10,CLEAR,3,3,0
T,EW2,L,5/4/2010,40,8,CLEAR,9,9,0
F,EW2,L,2/6/2011,36,5,CLOUDY,8,#VALUE!,#VALUE!
F,EW2,L,2/23/2011,28,8,CLEAR,7,#VALUE!,#VALUE!
F,EW2,L,3/1/2011,30,7,PC,12,#VALUE!,#VALUE!
T,EW2,L,3/10/2011,26,5,CLEAR,12,12,0
T,EW2,L,3/11/2011,40,20,PC,10,#VALUE!,#VALUE!
T,EW2,L,3/12/2011,36,13,CLEAR,10,9,1
T,EW2,L,3/29/2011,36,13,FOG,10,#VALUE!,#VALUE!
T,EW2,L,3/30/2011,30,3,CLOUDY,11,#VALUE!,#VALUE!
T,EW2,L,3/31/2011,36,6,FOG,1,1,0
T,EW2,L,4/1/2011,48,13,PC,13,12,1
T,EW2,L,4/9/2011,60,10,CLEAR,15,15,0
T,EW2,L,4/10/2011,70,25,CLEAR,12,12,0
T,EW2,L,4/11/2011,44,10,CLEAR,12,1,1
T,EW2,L,4/12/2011,40,4,CLEAR,15,12,3
T,EW2,L,4/13/2011,53,12,PC,13,13,0
T,EW2,L,4/21/2011,40,8,CLOUDY,12,12,0
T,EW2,L,4/23/2011,44,19,PC,11,11,#VALUE!
T,EW2,L,4/25/2011,46,7,RAIN,12,12,0
T,EW2,L,4/26/2011,39,3,PC,11,11,0
T,EW2,L,4/27/2011,47,10,CLOUDY,8,8,0
F,EW2,L,4/7/2012,60,2,CLEAR,1,#VALUE!,#VALUE!
T,EW2,L,4/9/2012,50,5,CLEAR,4,4,0
F,EW2,L,4/21/2012,58,15,CLEAR,0,0,0
F,EW2,L,5/12/2012,48,10,CLOUDY,9,#VALUE!,#VALUE!
F,WEAVER2,M,4/4/2007,,,,3,#VALUE!,#VALUE!
F,WEAVER2,M,4/7/2007,,,,4,#VALUE!,#VALUE!
F,WEAVER2,M,4/25/2007,56,10,CLEAR,4,4,0
F,WEAVER2,M,3/2/2008,50,25,PC,6,#VALUE!,#VALUE!
F,WEAVER2,M,4/1/2008,32,7,CLEAR,7,7,0
T,WEAVER2,M,4/4/2008,40,0,PC,2,2,0
T,WEAVER2,M,4/5/2008,42,10,PC,5,4,1
T,WEAVER2,M,4/6/2008,54,5,PC,8,6,2
T,WEAVER2,M,4/7/2008,36,5,PC,5,5,0
F,WEAVER2,M,3/3/2009,32,10,PC,7,#VALUE!,#VALUE!
F,WEAVER2,M,4/11/2009,52,3,CLEAR,11,11,0
F,WEAVER2,M,4/17/2009,51,10,PC,9,#VALUE!,#VALUE!
T,WEAVER2,M,4/24/2009,63,15,CLEAR,6,6,0
T,WEAVER2,M,4/27/2009,45,20,CLOUDY,2,2,0
T,WEAVER2,M,4/28/2009,35,5,CLEAR,4,4,0
T,WEAVER2,M,5/2/2009,48,0,PC,5,5,0
F,WEAVER2,M,3/22/2010,27,3,CLEAR,6,#VALUE!,#VALUE!
T,WEAVER2,M,4/13/2010,65,20,PC,12,9,3
T,WEAVER2,M,4/14/2010,66,25,CLOUDY,9,8,1
T,WEAVER2,M,4/15/2010,53,5,PC,10,6,4
T,WEAVER2,M,4/25/2010,49,10,CLOUDY,5,5,0
T,WEAVER2,M,4/26/2010,40,10,CLOUDY,6,6,0
T,WEAVER2,M,4/27/2010,40,10,PC,5,5,#VALUE!
T,WEAVER2,M,4/29/2010,60,25,CLEAR,4,4,0
F,WEAVER2,M,2/23/2011,29,8,CLEAR,6,#VALUE!,#VALUE!
F,WEAVER2,M,3/1/2011,25,9,CLEAR,0,#VALUE!,#VALUE!
T,WEAVER2,M,3/25/2011,40,5,CLOUDY,2,2,0
T,WEAVER2,M,3/26/2011,33,7,CLOUDY,3,3,0
T,WEAVER2,M,3/27/2011,37,3,CLOUDY,3,3,0
T,WEAVER2,M,3/28/2011,30,5,CLOUDY,0,0,0
T,WEAVER2,M,4/17/2011,42,8,PC,3,2,1
T,WEAVER2,M,4/18/2011,46,8,PC,3,2,1
T,WEAVER2,M,4/20/2011,45,5,CLOUDY,2,2,0
T,WEAVER2,M,4/30/2011,49,23,CLOUDY,8,8,0
F,WEAVER2,M,4/21/2012,55,15,CLEAR,1,1,0
F,WEAVER2,M,4/22/2012,60,15,CLEAR,2,2,0
F,WEAVER1,N,3/19/2007,,,,17,#VALUE!,#VALUE!
F,WEAVER1,N,3/23/2007,,,,19,#VALUE!,#VALUE!
F,WEAVER1,N,4/9/2007,,,,15,#VALUE!,#VALUE!
T,WEAVER1,N,4/18/2007,50,5,CLEAR,15,13,2
F,WEAVER1,N,4/19/2007,76,10,CLEAR,6,6,0
T,WEAVER1,N,4/20/2007,70,,PC,6,6,0
F,WEAVER1,N,5/1/2007,63,,CLOUDY,14,14,0
F,WEAVER1,N,3/2/2008,45,25,PC,25,8,#VALUE!
T,WEAVER1,N,3/26/2008,54,5,PC,25,23,2
T,WEAVER1,N,3/27/2008,48,15,FOG,21,21,0
T,WEAVER1,N,3/28/2008,36,5,CLOUDY,19,17,2
T,WEAVER1,N,3/29/2008,38,5,PC,18,16,2
F,WEAVER1,N,4/1/2008,33,7,CLEAR,18,18,0
T,WEAVER1,N,4/4/2008,40,0,PC,21,13,8
T,WEAVER1,N,4/5/2008,45,0,PC,18,17,1
T,WEAVER1,N,4/6/2008,50,4,PC,20,17,3
T,WEAVER1,N,4/7/2008,36,7,PC,27,21,6
F,WEAVER1,N,4/13/2008,40,5,CLEAR,33,#VALUE!,#VALUE!
T,WEAVER1,N,4/16/2008,52,20,PC,19,15,4
T,WEAVER1,N,4/19/2008,50,3,CLEAR,19,17,2
T,WEAVER1,N,4/20/2008,48,15,CLOUDY,15,13,2
T,WEAVER1,N,4/21/2008,56,7,CLOUDY,14,14,0
T,WEAVER1,N,4/22/2008,58,5,CLEAR,19,18,1
T,WEAVER1,N,4/24/2008,55,5,FOG,15,15,#VALUE!
F,WEAVER1,N,5/7/2008,50,5,CLOUDY,14,14,0
F,WEAVER1,N,2/7/2009,40,5,PC,26,#VALUE!,#VALUE!
F,WEAVER1,N,3/3/2009,25,10,CLOUDY,2,0,0
F,WEAVER1,N,3/3/2009,40,5,PC,26,26,#VALUE!
F,WEAVER1,N,3/3/2009,32,10,PC,21,13,#VALUE!
T,WEAVER1,N,3/4/2009,30,10,PC,26,26,0
T,WEAVER1,N,3/6/2009,35,0,PC,24,24,0
T,WEAVER1,N,3/17/2009,48,5,CLEAR,25,#VALUE!,#VALUE!
T,WEAVER1,N,3/18/2009,45,20,PC,26,#VALUE!,1
T,WEAVER1,N,3/19/2009,48,5,CLOUDY,24,23,1
T,WEAVER1,N,3/20/2009,52,10,CLOUDY,21,20,1
T,WEAVER1,N,3/21/2009,45,5,PC,22,20,2
T,WEAVER1,N,4/1/2009,20,2,CLEAR,24,#VALUE!,2
T,WEAVER1,N,4/3/2009,30,5,CLEAR,20,18,2
T,WEAVER1,N,4/4/2009,40,20,PC,18,17,1
T,WEAVER1,N,4/11/2009,50,1,CLEAR,44,33,11
T,WEAVER1,N,4/13/2009,37,10,CLOUDY,21,19,2
T,WEAVER1,N,4/14/2009,45,0,CLEAR,27,21,6
T,WEAVER1,N,4/15/2009,42,10,CLOUDY,24,21,3
T,WEAVER1,N,4/16/2009,51,9,PC,26,22,4
T,WEAVER1,N,4/21/2009,45,0,CLEAR,20,20,0
T,WEAVER1,N,4/22/2009,48,0,CLEAR,15,14,1
T,WEAVER1,N,4/23/2009,50,0,PC,18,18,0
T,WEAVER1,N,4/24/2009,50,5,CLEAR,16,16,0
T,WEAVER1,N,5/4/2009,50,0,FOG,18,18,0
T,WEAVER1,N,5/5/2009,55,0,PC,19,18,1
T,WEAVER1,N,5/6/2009,60,10,PC,16,16,0
F,WEAVER1,N,3/5/2010,40,20,PC,16,16,#VALUE!
F,WEAVER1,N,3/16/2010,37,10,CLOUDY,18,#VALUE!,#VALUE!
F,WEAVER1,N,3/19/2010,33,30,CLOUDY,15,#VALUE!,#VALUE!
T,WEAVER1,N,3/22/2010,20,3,CLEAR,14,14,0
T,WEAVER1,N,3/23/2010,40,10,CLEAR,13,13,0
T,WEAVER1,N,3/25/2010,40,12,CLEAR,14,14,0
T,WEAVER1,N,3/26/2010,37,1,PC,13,9,4
T,WEAVER1,N,4/2/2010,45,15,CLOUDY,10,10,#VALUE!
T,WEAVER1,N,4/3/2010,40,0,CLEAR,15,10,5
T,WEAVER1,N,4/4/2010,55,17,CLOUDY,10,9,1
T,WEAVER1,N,4/5/2010,40,7,PC,12,10,2
T,WEAVER1,N,4/6/2010,45,30,PC,12,9,3
F,WEAVER1,N,4/10/2010,63,3,CLEAR,10,10,0
T,WEAVER1,N,4/13/2010,51,5,PC,15,9,6
T,WEAVER1,N,4/14/2010,50,5,PC,14,10,4
T,WEAVER1,N,4/15/2010,50,5,CLEAR,11,9,2
F,WEAVER1,N,4/27/2010,60,12,CLEAR,6,6,#VALUE!
T,WEAVER1,N,5/4/2010,55,2,CLEAR,11,10,1
T,WEAVER1,N,5/5/2010,51,1,CLEAR,10,10,0
T,WEAVER1,N,5/6/2010,50,20,CLOUDY,12,10,2
T,WEAVER1,N,5/8/2010,38,0,CLEAR,12,10,2
F,WEAVER1,N,2/23/2011,29,8,CLEAR,20,#VALUE!,#VALUE!
F,WEAVER1,N,3/1/2011,25,12,CLEAR,17,#VALUE!,#VALUE!
T,WEAVER1,N,3/3/2011,28,3,PC,16,16,0
T,WEAVER1,N,3/4/2011,25,15,CLOUDY,17,17,#VALUE!
T,WEAVER1,N,3/5/2011,25,18,CLEAR,20,20,0
T,WEAVER1,N,3/7/2011,37,10,RAIN,#VALUE!,#VALUE!,#VALUE!
F,WEAVER1,N,3/11/2011,50,5,CLEAR,19,#VALUE!,#VALUE!
F,WEAVER1,N,3/16/2011,67,7,PC,21,#VALUE!,#VALUE!
T,WEAVER1,N,3/25/2011,36,6,CLOUDY,22,22,0
T,WEAVER1,N,3/26/2011,35,15,CLOUDY,19,19,0
T,WEAVER1,N,3/27/2011,0,5,CLOUDY,17,17,0
T,WEAVER1,N,3/28/2011,31,4,CLOUDY,13,13,0
T,WEAVER1,N,3/29/2011,35,7,CLOUDY,16,#VALUE!,#VALUE!
T,WEAVER1,N,4/5/2011,37,25,CLEAR,19,17,2
T,WEAVER1,N,4/6/2011,45,30,CLEAR,20,19,1
T,WEAVER1,N,4/7/2011,55,15,RAIN,20,19,1
T,WEAVER1,N,4/8/2011,50,5,FOG,19,17,2
T,WEAVER1,N,4/14/2011,60,5,PC,20,15,5
T,WEAVER1,N,4/16/2011,31,15,CLEAR,21,17,4
T,WEAVER1,N,4/17/2011,46,10,PC,22,17,5
T,WEAVER1,N,4/18/2011,50,10,CLEAR,18,16,2
T,WEAVER1,N,4/20/2011,45,5,CLOUDY,17,16,1
T,WEAVER1,N,4/26/2011,41,10,CLOUDY,14,14,#VALUE!
T,WEAVER1,N,4/27/2011,41,7,PC,12,12,0
T,WEAVER1,N,4/28/2011,48,17,CLEAR,13,13,0
T,WEAVER1,N,4/30/2011,50,25,CLOUDY,11,11,0
T,WEAVER1,N,5/1/2011,46,10,CLOUDY,11,11,#VALUE!
T,WEAVER1,N,5/2/2011,40,3,PC,11,10,1
T,WEAVER1,N,5/5/2011,51,6,RAIN,13,12,1
T,WEAVER1,N,5/6/2011,39,2,CLEAR,12,11,1
T,WEAVER1,N,5/7/2011,62,4,CLEAR,11,10,1
T,WEAVER1,N,5/8/2011,60,9,PC,12,11,1
T,WEAVER1,N,5/9/2011,60,5,PC,13,12,1
T,WEAVER1,N,5/10/2011,73,15,CLEAR,10,10,0
T,WEAVER1,N,5/11/2011,68,12,CLEAR,11,11,#VALUE!
T,WEAVER1,N,5/12/2011,58,12,CLEAR,11,11,#VALUE!
T,WEAVER1,N,5/13/2011,50,20,CLOUDY,12,12,#VALUE!
F,WEAVER1,N,4/9/2012,60,10,CLEAR,22,#VALUE!,#VALUE!
T,WEAVER1,N,4/21/2012,42,15,CLEAR,25,22,3
T,WEAVER1,N,4/22/2012,52,15,PC,21,21,0
T,BRAUN3,O,3/20/2009,40,15,CLOUDY,14,14,0
T,BRAUN3,O,3/21/2009,45,5,PC,16,15,1
T,BRAUN3,O,3/22/2009,48,15,PC,12,#VALUE!,#VALUE!
T,BRAUN3,O,3/23/2009,55,35,PC,13,13,0
T,BRAUN3,O,3/24/2009,32,2,PC,18,13,5
T,BRAUN3,O,4/25/2009,45,20,CLOUDY,8,8,0
T,BRAUN3,O,4/28/2009,45,0,CLEAR,8,8,0
T,BRAUN3,O,4/30/2009,70,2,FOG,9,8,1
T,BRAUN3,O,5/2/2009,45,0,PC,8,8,0
F,BRAUN3,O,3/22/2010,28,10,PC,7,#VALUE!,#VALUE!
F,BRAUN3,O,4/5/2010,64,24,CLOUDY,14,14,0
T,BRAUN3,O,4/6/2010,62,20,PC,5,5,0
T,BRAUN3,O,4/7/2010,58,0,RAIN,7,6,1
T,BRAUN3,O,4/10/2010,50,0,PC,9,5,4
T,BRAUN3,O,4/25/2010,56,25,CLOUDY,2,2,0
T,BRAUN3,O,4/26/2010,45,10,CLEAR,2,2,#VALUE!
F,BRAUN3,O,3/1/2011,29,6,PC,6,#VALUE!,#VALUE!
T,BRAUN3,O,3/15/2011,29,2,PC,6,#VALUE!,#VALUE!
T,BRAUN3,O,3/16/2011,40,3,PC,4,4,0
T,BRAUN3,O,3/31/2011,35,7,CLOUDY,4,4,0
T,BRAUN3,O,4/1/2011,44,8,PC,7,5,2
T,BRAUN3,O,4/2/2011,48,3,PC,6,5,1
T,BRAUN3,O,4/3/2011,60,15,PC,4,4,0
T,BRAUN3,O,4/13/2011,54,11,CLOUDY,9,5,4
T,BRAUN3,O,4/14/2011,45,3,PC,8,6,2
T,BRAUN3,O,4/16/2011,40,15,CLEAR,7,5,2
T,BRAUN3,O,4/17/2011,45,5,CLEAR,6,5,1
T,BRAUN3,O,4/18/2011,42,10,CLEAR,6,5,1
F,BRAUN3,O,4/7/2012,55,5,FOG,0,#VALUE!,#VALUE!
F,BRAUN3,O,4/21/2012,58,10,CLEAR,0,0,0
F,BRAUN3,O,4/23/2012,40,0,CLEAR,0,#VALUE!,#VALUE!
T,BRAUN2,P,3/18/2009,40,15,CLOUDY,9,8,1
T,BRAUN2,P,3/19/2009,40,5,CLOUDY,8,8,0
T,BRAUN2,P,4/20/2009,45,0,PC,15,15,0
T,BRAUN2,P,4/22/2009,50,0,PC,13,13,#VALUE!
T,BRAUN2,P,4/23/2009,55,2,PC,16,15,1
T,BRAUN2,P,4/24/2009,55,0,CLEAR,14,#VALUE!,#VALUE!
F,BRAUN2,P,4/28/2009,50,0,CLEAR,15,#VALUE!,#VALUE!
T,BRAUN2,P,5/4/2009,50,0,FOG,13,12,1
T,BRAUN2,P,5/5/2009,48,0,PC,9,9,0
T,BRAUN2,P,5/6/2009,48,5,CLOUDY,10,10,0
F,BRAUN2,P,3/5/2010,43,20,PC,13,#VALUE!,#VALUE!
F,BRAUN2,P,3/15/2010,37,20,CLOUDY,4,#VALUE!,#VALUE!
F,BRAUN2,P,3/22/2010,28,10,PC,13,#VALUE!,#VALUE!
T,BRAUN2,P,3/23/2010,27,1,CLEAR,13,13,0
T,BRAUN2,P,3/25/2010,40,18,CLEAR,12,12,0
T,BRAUN2,P,3/26/2010,38,1,CLEAR,16,12,4
T,BRAUN2,P,3/28/2010,35,20,CLEAR,10,9,1
F,BRAUN2,P,4/5/2010,70,25,CLOUDY,6,6,0
T,BRAUN2,P,4/6/2010,53,15,PC,16,14,2
T,BRAUN2,P,4/7/2010,47,0,RAIN,14,11,3
T,BRAUN2,P,4/8/2010,36,5,PC,12,11,1
T,BRAUN2,P,4/9/2010,50,0,CLEAR,15,13,2
T,BRAUN2,P,4/15/2010,55,0,PC,12,11,1
T,BRAUN2,P,4/17/2010,43,3,CLEAR,11,11,#VALUE!
T,BRAUN2,P,4/19/2010,50,0,CLEAR,11,11,0
T,BRAUN2,P,4/20/2010,45,0,PC,13,12,1
T,BRAUN2,P,4/21/2010,45,0,PC,11,11,0
F,BRAUN2,P,4/26/2010,60,20,PC,6,6,#VALUE!
F,BRAUN2,P,2/6/2011,36,5,CLOUDY,10,#VALUE!,#VALUE!
F,BRAUN2,P,2/15/2011,33,7,PC,12,#VALUE!,#VALUE!
F,BRAUN2,P,3/1/2011,29,6,PC,10,#VALUE!,#VALUE!
T,BRAUN2,P,3/12/2011,45,2,CLEAR,12,12,0
T,BRAUN2,P,3/15/2011,28,3,FOG,11,11,#VALUE!
T,BRAUN2,P,3/16/2011,40,3,PC,9,9,0
T,BRAUN2,P,3/31/2011,35,5,RAIN,11,11,0
T,BRAUN2,P,4/1/2011,51,2,PC,14,11,3
T,BRAUN2,P,4/2/2011,44,1,PC,8,7,1
T,BRAUN2,P,4/3/2011,65,23,PC,11,9,2
T,BRAUN2,P,4/4/2011,43,25,CLOUDY,8,7,1
T,BRAUN2,P,4/10/2011,71,22,PC,9,7,2
T,BRAUN2,P,4/11/2011,42,9,CLEAR,13,10,3
T,BRAUN2,P,4/12/2011,51,2,CLEAR,13,10,3
T,BRAUN2,P,4/13/2011,50,10,CLOUDY,10,#VALUE!,#VALUE!
T,BRAUN2,P,4/14/2011,45,3,PC,10,9,1
T,BRAUN2,P,4/28/2011,41,13,CLEAR,10,#VALUE!,#VALUE!
T,BRAUN2,P,4/29/2011,55,5,CLEAR,7,7,0
T,BRAUN2,P,4/30/2011,55,20,CLOUDY,7,7,0
T,BRAUN2,P,5/1/2011,53,7,CLOUDY,8,8,0
T,BRAUN2,P,5/2/2011,39,6,PC,9,9,#VALUE!
T,BRAUN2,P,5/3/2011,43,7,PC,7,7,0
T,BRAUN2,P,5/4/2011,50,10,CLEAR,8,7,1
T,BRAUN2,P,5/5/2011,45,3,RAIN,7,7,#VALUE!
T,BRAUN2,P,5/6/2011,43,2,CLEAR,7,7,0
T,BRAUN2,P,5/7/2011,60,3,CLEAR,8,7,1
T,BRAUN2,P,5/8/2011,70,6,CLEAR,8,7,1
T,BRAUN2,P,5/8/2011,60,15,PC,7,7,0
T,BRAUN2,P,5/10/2011,72,12,CLEAR,7,7,0
T,BRAUN2,P,5/12/2011,60,10,PC,8,8,0
F,BRAUN2,P,4/7/2012,55,5,FOG,12,#VALUE!,#VALUE!
T,BRAUN2,P,4/21/2012,43,5,CLEAR,7,7,0
F,BRAUN2,P,4/22/2012,55,16,CLEAR,10,9,1
T,BRAUN2,P,4/23/2012,35,0,CLEAR,10,9,1
F,BRAUN1,Q,2/4/2008,25,0,CLEAR,29,#VALUE!,#VALUE!
F,BRAUN1,Q,3/2/2008,50,25,CLEAR,9,#VALUE!,#VALUE!
T,BRAUN1,Q,3/16/2008,34,5,CLOUDY,21,#VALUE!,#VALUE!
T,BRAUN1,Q,3/18/2008,40,0,FOG,27,25,3
T,BRAUN1,Q,3/19/2008,33,0,CLEAR,24,21,3
T,BRAUN1,Q,3/29/2008,39,10,PC,13,12,1
T,BRAUN1,Q,3/30/2008,44,15,CLOUDY,13,#VALUE!,#VALUE!
T,BRAUN1,Q,4/1/2008,38,15,CLEAR,19,17,2
T,BRAUN1,Q,4/2/2008,34,7,PC,27,24,3
T,BRAUN1,Q,4/15/2008,35,25,CLEAR,21,17,4
T,BRAUN1,Q,4/16/2008,50,10,CLOUDY,18,17,1
T,BRAUN1,Q,4/19/2008,37,5,CLEAR,19,15,4
T,BRAUN1,Q,4/20/2008,39,10,PC,19,17,2
T,BRAUN1,Q,4/21/2008,40,5,CLOUDY,18,14,4
T,BRAUN1,Q,4/23/2008,37,5,CLEAR,16,14,2
T,BRAUN1,Q,4/24/2008,43,10,CLOUDY,17,17,0
T,BRAUN1,Q,4/27/2008,30,10,PC,17,15,2
T,BRAUN1,Q,4/28/2008,43,12,PC,19,18,1
F,BRAUN1,Q,5/7/2008,60,5,CLOUDY,0,0,0
T,BRAUN1,Q,3/10/2009,20,10,CLOUDY,10,10,0
T,BRAUN1,Q,3/11/2009,15,10,CLEAR,14,14,0
T,BRAUN1,Q,3/12/2009,30,5,CLOUDY,15,13,2
T,BRAUN1,Q,3/13/2009,35,3,CLOUDY,13,13,0
T,BRAUN1,Q,3/14/2009,30,0,CLEAR,14,13,1
T,BRAUN1,Q,3/27/2009,21,30,CLOUDY,17,16,1
T,BRAUN1,Q,3/29/2009,35,0,CLEAR,19,15,4
T,BRAUN1,Q,3/30/2009,45,5,CLEAR,13,13,0
T,BRAUN1,Q,3/31/2009,30,10,PC,14,14,0
T,BRAUN1,Q,4/1/2009,26,5,CLEAR,24,12,12
T,BRAUN1,Q,4/5/2009,32,29,CLOUDY,14,14,0
T,BRAUN1,Q,4/6/2009,25,15,PC,17,14,3
T,BRAUN1,Q,4/7/2009,20,0,CLEAR,20,17,3
T,BRAUN1,Q,4/8/2009,35,0,CLEAR,18,14,4
T,BRAUN1,Q,4/17/2009,45,5,PC,18,13,5
T,BRAUN1,Q,4/20/2009,45,0,CLEAR,15,14,1
T,BRAUN1,Q,4/21/2009,5,0,CLEAR,14,14,0
T,BRAUN1,Q,4/22/2009,50,0,PC,17,15,2
F,BRAUN1,Q,4/23/2009,60,7,pc,11,11,0
F,BRAUN1,Q,3/5/2010,42,20,PC,17,#VALUE!,#VALUE!
F,BRAUN1,Q,3/15/2010,36,15,CLOUDY,10,#VALUE!,#VALUE!
T,BRAUN1,Q,3/16/2010,36,12,CLOUDY,12,12,0
T,BRAUN1,Q,3/17/2010,36,4,RAIN,12,12,0
T,BRAUN1,Q,3/18/2010,35,0,CLEAR,17,15,2
T,BRAUN1,Q,3/19/2010,40,25,PC,12,12,0
T,BRAUN1,Q,4/1/2010,50,12,PC,15,15,0
T,BRAUN1,Q,4/2/2010,47,5,PC,15,13,2
T,BRAUN1,Q,4/3/2010,50,0,CLEAR,19,14,5
T,BRAUN1,Q,4/4/2010,51,0,PC,16,14,2
T,BRAUN1,Q,4/5/2010,50,5,CLEAR,13,12,1
T,BRAUN1,Q,4/21/2010,51,0,PC,12,12,0
T,BRAUN1,Q,4/23/2010,53,5,RAIN,15,15,0
T,BRAUN1,Q,4/24/2010,54,3,PC,12,12,0
T,BRAUN1,Q,5/9/2010,54,15,CLOUDY,0,0,0
F,BRAUN1,Q,2/15/2011,33,7,PC,13,#VALUE!,#VALUE!
T,BRAUN1,Q,2/18/2011,31,0,CLEAR,11,11,#VALUE!
T,BRAUN1,Q,2/19/2011,37,8,PC,13,13,0
F,BRAUN1,Q,3/1/2011,40,3,CLEAR,15,#VALUE!,#VALUE!
T,BRAUN1,Q,3/3/2011,30,4,CLOUDY,7,7,0
T,BRAUN1,Q,3/4/2011,32,10,PC,#VALUE!,#VALUE!,#VALUE!
T,BRAUN1,Q,3/16/2011,42,2,PC,11,11,0
T,BRAUN1,Q,3/26/2011,34,8,FOG,17,#VALUE!,#VALUE!
T,BRAUN1,Q,3/27/2011,30,5,CLOUDY,14,14,0
T,BRAUN1,Q,3/28/2011,30,5,CLOUDY,12,12,0
T,BRAUN1,Q,3/29/2011,40,5,CLOUDY,11,10,1
T,BRAUN1,Q,3/30/2011,33,3,FOG,12,#VALUE!,#VALUE!
T,BRAUN1,Q,4/6/2011,49,10,PC,14,11,3
T,BRAUN1,Q,4/7/2011,50,15,RAIN,11,9,2
T,BRAUN1,Q,4/8/2011,50,2,FOG,9,6,3
T,BRAUN1,Q,4/9/2011,57,5,CLEAR,16,12,4
T,BRAUN1,Q,4/10/2011,62,19,PC,12,11,1
T,BRAUN1,Q,4/20/2011,39,3,CLOUDY,13,12,1
T,BRAUN1,Q,4/21/2011,40,17,CLOUDY,12,12,0
T,BRAUN1,Q,4/23/2011,63,10,CLOUDY,0,0,0
T,BRAUN1,Q,4/23/2011,50,20,PC,11,10,1
T,BRAUN1,Q,4/24/2011,40,5,PC,10,10,1
T,BRAUN1,Q,4/25/2011,49,6,RAIN,9,9,0
T,BRAUN1,Q,4/26/2011,45,5,PC,11,11,0
T,BRAUN1,Q,4/27/2011,39,8,CLOUDY,11,11,#VALUE!
T,BRAUN1,Q,5/7/2011,55,3,CLEAR,10,10,0
T,BRAUN1,Q,5/8/2011,65,15,CLOUDY,13,11,2
T,BRAUN1,Q,5/9/2011,72,8,CLEAR,8,7,1
T,BRAUN1,Q,5/10/2011,72,19,CLEAR,11,#VALUE!,#VALUE!
T,BRAUN1,Q,5/11/2011,65,10,PC,13,10,3
T,BRAUN1,Q,5/13/2011,50,20,CLOUDY,10,9,1
T,BRAUN1,Q,5/23/2011,64,10,PC,12,10,2
T,BRAUN1,Q,5/24/2011,60,3,PC,7,7,0
T,BRAUN1,Q,4/7/2012,60,5,CLEAR,5,#VALUE!,#VALUE!
T,BRAUN1,Q,4/21/2012,45,7,CLEAR,14,11,3
T,BRAUN1,Q,4/22/2012,45,10,CLEAR,11,9,2
F,PETERSON,R,3/10/2007,,,,7,#VALUE!,#VALUE!
F,PETERSON,R,3/29/2007,,,,8,#VALUE!,#VALUE!
F,PETERSON,R,4/18/2007,76,10,PC,15,#VALUE!,#VALUE!
T,PETERSON,R,4/19/2007,58,20,CLEAR,17,16,1
T,PETERSON,R,4/20/2007,50,0,CLEAR,11,10,1
F,PETERSON,R,4/21/2007,50,0,PC,12,#VALUE!,#VALUE!
T,PETERSON,R,4/22/2007,,,,11,11,0
T,PETERSON,R,4/23/2007,,,,8,7,1
T,PETERSON,R,4/24/2007,60,20,CLOUDY,9,9,0
F,PETERSON,R,4/25/2007,62,10,CLEAR,6,#VALUE!,#VALUE!
T,PETERSON,R,4/26/2007,,,,6,6,0
F,PETERSON,R,3/2/2008,50,20,PC,1,#VALUE!,#VALUE!
T,PETERSON,R,3/20/2008,38,5,CLEAR,10,10,0
T,PETERSON,R,3/21/2008,48,10,PC,14,#VALUE!,#VALUE!
T,PETERSON,R,3/22/2008,38,0,CLOUDY,12,9,3
T,PETERSON,R,3/24/2008,31,15,CLEAR,9,9,0
F,PETERSON,R,3/30/2008,42,0,CLOUDY,12,12,#VALUE!
F,PETERSON,R,3/3/2009,28,20,PC,24,#VALUE!,#VALUE!
F,PETERSON,R,4/17/2009,52,10,PC,22,16,6
F,KUNTZ,S,3/14/2007,,,,4,#VALUE!,#VALUE!
F,KUNTZ,S,3/29/2007,,,,6,#VALUE!,#VALUE!
F,KUNTZ,S,4/11/2007,,,,9,#VALUE!,#VALUE!
F,KUNTZ,S,4/25/2007,50,10,CLEAR,7,7,0
F,KUNTZ,S,4/26/2007,54,5,RAIN,12,12,0
F,KUNTZ,S,5/4/2007,,,,6,6,#VALUE!
F,KUNTZ,S,5/10/2007,,,,7,7,0
F,KUNTZ,S,3/2/2008,50,20,PC,3,#VALUE!,#VALUE!
F,KUNTZ,S,3/14/2008,38,1,CLOUDY,0,0,0
F,KUNTZ,S,3/3/2009,26,0,PC,0,0,0
F,KUNTZ,S,4/17/2011,45,2,CLEAR,8,#VALUE!,#VALUE!
F,KUNTZ,S,4/18/2012,55,10,CLEAR,0,#VALUE!,#VALUE!
F,KUNTZ,S,4/29/2012,54,10,FOG,0,#VALUE!,#VALUE!
F,LYNE1,T,4/11/2007,,,,4,#VALUE!,#VALUE!
F,LYNE1,T,4/25/2007,50,5,RAIN,5,5,0
F,LYNE1,T,4/26/2007,57,7,CLOUDY,28,#VALUE!,#VALUE!
T,LYNE1,T,5/1/2007,65,5,CLOUDY,14,14,#VALUE!
T,LYNE1,T,5/10/2007,,,,0,0,0
F,LYNE1,T,5/11/2007,,,,5,5,#VALUE!
F,LYNE1,T,3/11/2008,43,0,CLEAR,26,26,0
T,LYNE1,T,3/13/2008,38,5,PC,29,26,3
T,LYNE1,T,3/14/2008,40,0,CLOUDY,20,20,0
T,LYNE1,T,3/15/2008,35,10,CLOUDY,9,9,0
T,LYNE1,T,3/26/2008,47,12,CLOUDY,24,23,1
T,LYNE1,T,3/27/2008,47,5,CLOUDY,22,22,0
T,LYNE1,T,3/28/2008,50,5,CLOUDY,24,22,2
T,LYNE1,T,3/29/2008,54,5,PC,23,22,1
F,LYNE1,T,3/30/2008,43,0,CLOUDY,20,20,#VALUE!
T,LYNE1,T,4/10/2008,39,15,RAIN,16,16,0
T,LYNE1,T,4/12/2008,38,10,PC,20,22,1
T,LYNE1,T,4/13/2008,37,5,PC,23,18,5
T,LYNE1,T,4/14/2008,35,0,CLEAR,19,17,2
T,LYNE1,T,4/15/2008,42,27,CLEAR,21,19,2
T,LYNE1,T,4/29/2008,36,5,CLEAR,21,19,2
T,LYNE1,T,4/30/2008,50,5,CLOUDY,18,18,0
F,LYNE1,T,5/7/2008,60,5,CLOUDY,2,2,0
F,LYNE1,T,3/3/2009,26,3,PC,13,#VALUE!,#VALUE!
T,LYNE1,T,3/15/2009,40,0,PC,15,15,0
T,LYNE1,T,3/16/2009,45,0,CLEAR,16,16,0
T,LYNE1,T,3/17/2009,45,2,CLEAR,19,0,0
T,LYNE1,T,3/19/2009,45,0,PC,14,11,3
T,LYNE1,T,3/20/2009,45,10,CLOUDY,14,14,0
T,LYNE1,T,3/21/2009,60,1,CLOUDY,10,9,1
T,LYNE1,T,4/3/2009,30,1,PC,20,17,3
T,LYNE1,T,4/4/2009,43,18,PC,13,10,3
T,LYNE1,T,4/5/2009,32,45,CLOUDY,5,5,0
T,LYNE1,T,4/6/2009,30,10,CLEAR,9,6,3
F,LYNE1,T,3/15/2010,36,18,CLOUDY,9,#VALUE!,#VALUE!
T,LYNE1,T,3/30/2010,53,5,CLOUDY,8,6,2
T,LYNE1,T,3/31/2010,55,10,PC,7,7,0
T,LYNE1,T,4/1/2010,65,15,CLOUDY,8,8,0
T,LYNE1,T,4/2/2010,62,10,CLOUDY,7,6,1
T,LYNE1,T,5/1/2010,55,0,CLOUDY,9,8,1
T,LYNE1,T,5/3/2010,45,1,CLEAR,12,12,0
T,LYNE1,T,5/4/2010,50,4,CLEAR,12,12,0
T,LYNE1,T,5/5/2010,56,0,CLEAR,5,5,#VALUE!
F,LYNE1,T,2/23/2011,25,0,CLEAR,25,25,0
F,LYNE1,T,3/1/2011,40,3,PC,15,#VALUE!,#VALUE!
F,LYNE1,T,3/15/2011,25,0,PC,20,#VALUE!,#VALUE!
T,LYNE1,T,3/17/2011,57,15,PC,20,#VALUE!,#VALUE!
T,LYNE1,T,3/23/2011,55,15,CLEAR,19,19,0
T,LYNE1,T,3/24/2011,30,7,CLOUDY,19,#VALUE!,1
T,LYNE1,T,3/25/2011,35,3,CLEAR,22,21,1
T,LYNE1,T,4/3/2011,55,25,CLEAR,19,18,1
T,LYNE1,T,4/4/2011,45,20,CLOUDY,14,13,1
T,LYNE1,T,4/5/2011,38,5,CLEAR,16,#VALUE!,#VALUE!
T,LYNE1,T,4/6/2011,50,0,PC,18,#VALUE!,#VALUE!
T,LYNE1,T,4/12/2011,45,3,CLEAR,18,#VALUE!,#VALUE!
T,LYNE1,T,4/13/2011,56,7,CLOUDY,14,13,1
T,LYNE1,T,4/14/2011,48,5,PC,14,11,3
T,LYNE1,T,4/17/2011,45,2,CLEAR,12,12,0
T,LYNE1,T,4/18/2011,43,7,PC,12,12,#VALUE!
F,LYNE1,T,4/18/2012,55,10,CLEAR,18,#VALUE!,#VALUE!
F,LYNE1,T,4/28/2012,60,6,CLEAR,20,#VALUE!,#VALUE!
T,LYNE1,T,4/29/2012,54,12,FOG,19,19,0
F,VESTERBURG,U,3/10/2007,,,,16,#VALUE!,#VALUE!
F,VESTERBURG,U,3/22/2007,,,,17,#VALUE!,#VALUE!
F,VESTERBURG,U,4/13/2007,,,,6,#VALUE!,#VALUE!
T,VESTERBURG,U,4/18/2007,50,5,CLEAR,12,12,0
F,VESTERBURG,U,4/25/2007,52,5,CLOUDY,11,10,1
F,VESTERBURG,U,5/1/2007,62,0,CLOUDY,8,8,0
T,VESTERBURG,U,5/4/2007,,,,10,10,0
T,VESTERBURG,U,5/9/2007,72,2,CLOUDY,8,8,0
F,VESTERBURG,U,3/2/2008,50,25,CLEAR,7,#VALUE!,#VALUE!
T,VESTERBURG,U,3/3/2008,32,15,CLOUDY,7,7,0
T,VESTERBURG,U,3/4/2008,35,0,CLEAR,12,11,1
T,VESTERBURG,U,3/5/2008,40,25,CLOUDY,8,7,1
F,VESTERBURG,U,3/11/2008,38,0,CLEAR,9,9,0
F,VESTERBURG,U,3/30/2008,44,5,RAIN,4,3,1
F,VESTERBURG,U,4/7/2008,37,0,PC,15,#VALUE!,#VALUE!
F,VESTERBURG,U,5/7/2008,60,5,CLOUDY,4,4,0
F,VESTERBURG,U,3/3/2009,26,3,PC,11,#VALUE!,#VALUE!
T,VESTERBURG,U,3/4/2009,35,0,CLEAR,11,8,3
F,VESTERBURG,U,3/26/2009,41,3,CLEAR,5,5,0
T,VESTERBURG,U,3/30/2009,40,10,PC,12,10,2
T,VESTERBURG,U,3/31/2009,32,10,CLEAR,11,10,1
T,VESTERBURG,U,4/1/2009,35,5,CLEAR,14,10,4
T,VESTERBURG,U,4/4/2009,40,30,CLEAR,8,8,0
T,VESTERBURG,U,4/15/2009,40,15,PC,14,10,4
T,VESTERBURG,U,4/16/2009,50,10,CLEAR,14,9,5
T,VESTERBURG,U,4/17/2009,50,3,CLOUDY,11,7,4
F,VESTERBURG,U,3/15/2010,36,15,CLOUDY,7,#VALUE!,#VALUE!
F,VESTERBURG,U,3/24/2010,40,20,RAIN,5,#VALUE!,#VALUE!
T,VESTERBURG,U,3/28/2010,36,14,PC,9,7,2
T,VESTERBURG,U,3/29/2010,33,0,CLEAR,15,7,8
T,VESTERBURG,U,3/30/2010,40,7,PC,6,6,0
T,VESTERBURG,U,3/31/2010,50,4,PC,7,6,1
T,VESTERBURG,U,4/7/2010,38,8,PC,13,6,7
T,VESTERBURG,U,4/8/2010,25,0,CLEAR,7,7,#VALUE!
T,VESTERBURG,U,4/9/2010,34,0,CLEAR,7,6,1
T,VESTERBURG,U,4/10/2010,47,5,PC,8,6,2
F,VESTERBURG,U,4/19/2010,34,0,FOG,4,4,0
T,VESTERBURG,U,4/20/2010,44,0,PC,4,4,0
T,VESTERBURG,U,4/23/2010,50,10,CLOUDY,5,5,#VALUE!
F,VESTERBURG,U,2/23/2011,25,0,CLEAR,8,8,0
F,VESTERBURG,U,3/1/2011,40,3,PC,9,#VALUE!,#VALUE!
F,VESTERBURG,U,3/2/2011,20,20,PC,2,#VALUE!,#VALUE!
F,VESTERBURG,U,3/15/2011,30,3,PC,9,#VALUE!,#VALUE!
F,VESTERBURG,U,3/19/2011,45,10,CLOUDY,5,5,#VALUE!
T,VESTERBURG,U,4/17/2011,47,2,PC,8,8,0
T,VESTERBURG,U,4/18/2011,47,8,CLEAR,5,5,0
T,VESTERBURG,U,4/20/2011,40,5,CLOUDY,8,7,1
T,VESTERBURG,U,4/21/2011,44,10,CLOUDY,7,7,#VALUE!
F,VESTERBURG,U,4/15/2012,0,0,,6,#VALUE!,#VALUE!
F,VESTERBURG,U,4/18/2012,50,10,CLEAR,3,#VALUE!,#VALUE!
T,VESTERBURG,U,4/28/2012,55,0,FOG,8,8,0
F,PKAY,V,4/21/2007,50,20,RAIN,15,15,0
F,PKAY,V,4/22/2007,,,,15,15,0
F,PKAY,V,4/23/2007,,,,9,9,0
T,PKAY,V,4/24/2007,62,10,CLOUDY,8,8,0
T,PKAY,V,4/26/2007,55,5,CLOUDY,3,3,0
T,PKAY,V,4/26/2007,52,5,CLOUDY,9,9,0
F,PKAY,V,5/1/2007,60,0,FOG,11,11,0
F,PKAY,V,5/4/2007,,,,4,4,#VALUE!
T,PKAY,V,5/9/2007,,,,7,7,0
T,PKAY,V,5/10/2007,,,,11,11,0
T,PKAY,V,2/25/2008,40,5,CLEAR,22,17,#VALUE!
F,PKAY,V,3/2/2008,45,25,CLEAR,14,#VALUE!,#VALUE!
T,PKAY,V,3/9/2008,30,0,PC,15,#VALUE!,#VALUE!
T,PKAY,V,3/10/2008,32,0,CLEAR,10,10,0
T,PKAY,V,3/11/2008,42,0,CLEAR,4,4,0
T,PKAY,V,3/26/2008,40,10,FOG,6,#VALUE!,#VALUE!
T,PKAY,V,3/28/2008,40,5,FOG,16,14,2
T,PKAY,V,4/26/2008,43,12,CLOUDY,12,10,2
F,PKAY,V,4/29/2008,39,3,CLEAR,13,13,0
F,PKAY,V,3/3/2009,27,12,PC,12,#VALUE!,#VALUE!
T,PKAY,V,3/22/2009,55,10,CLOUDY,8,8,0
T,PKAY,V,3/23/2009,60,35,CLEAR,6,0,0
F,PKAY,V,3/24/2009,35,10,PC,5,#VALUE!,#VALUE!
T,PKAY,V,3/25/2009,29,0,PC,6,6,#VALUE!
T,PKAY,V,3/26/2009,38,5,CLEAR,23,19,3
T,PKAY,V,3/26/2009,40,3,pc,2,2,0
T,PKAY,V,4/7/2009,25,5,CLEAR,9,7,2
T,PKAY,V,4/8/2009,40,0,CLEAR,14,9,5
T,PKAY,V,4/9/2009,40,30,CLOUDY,17,14,3
T,PKAY,V,4/11/2009,33,2,CLEAR,11,7,4
T,PKAY,V,4/14/2009,45,0,CLEAR,13,10,3
T,PKAY,V,4/24/2009,66,10,CLEAR,11,11,0
T,PKAY,V,4/25/2009,47,18,CLOUDY,11,11,0
T,PKAY,V,5/2/2009,55,0,PC,10,9,1
T,PKAY,V,5/5/2009,50,0,PC,9,9,0
F,PKAY,V,3/15/2010,36,15,CLOUDY,31,#VALUE!,#VALUE!
T,PKAY,V,3/23/2010,40,0,CLEAR,25,20,5
T,PKAY,V,3/25/2010,35,5,PC,33,29,4
T,PKAY,V,3/29/2010,39,0,CLEAR,27,23,1
F,PKAY,V,4/10/2010,54,10,CLEAR,29,23,6
F,PKAY,V,4/11/2010,51,1,CLEAR,25,23,2
T,PKAY,V,4/12/2010,54,5,CLEAR,28,24,4
T,PKAY,V,4/15/2010,0,5,CLEAR,23,22,1
F,PKAY,V,3/2/2011,19,20,PC,41,#VALUE!,#VALUE!
F,PKAY,V,3/19/2011,45,15,CLOUDY,36,#VALUE!,#VALUE!
T,PKAY,V,4/5/2011,34,5,CLEAR,27,26,3
T,PKAY,V,4/6/2011,48,5,CLEAR,32,17,3
T,PKAY,V,4/7/2011,58,3,RAIN,38,31,7
T,PKAY,V,5/11/2011,69,10,FOG,22,20,2
T,PKAY,V,5/12/2011,58,7,CLOUDY,25,#VALUE!,#VALUE!
T,PKAY,V,5/13/2011,48,18,CLOUDY,23,22,1
F,PKAY,V,4/15/2012,0,0,,15,#VALUE!,#VALUE!
T,PKAY,V,4/18/2012,46,18,CLEAR,13,13,0
F,PKAY,V,4/28/2012,60,5,CLEAR,16,#VALUE!,#VALUE!
T,PKAY,V,5/13/2012,53,0,CLOUDY,15,14,1
F,PERRY,W,4/26/2007,,,,28,28,0
T,PERRY,W,5/3/2007,,,,14,14,0
T,PERRY,W,5/3/2007,60,5,FOG,7,7,0
F,PERRY,W,3/26/2009,45,2,PC,10,10,0
F,PERRY,W,4/24/2009,66,13,CLEAR,9,8,1
F,PERRY,W,3/15/2010,36,20,CLOUDY,1,#VALUE!,#VALUE!
F,PERRY,W,5/5/2010,65,5,CLEAR,10,10,0
F,PERRY,W,3/2/2011,19,20,PC,4,#VALUE!,#VALUE!
F,PERRY,W,3/19/2011,45,15,CLOUDY,0,#VALUE!,#VALUE!
F,PERRY,W,4/18/2012,50,5,CLEAR,1,#VALUE!,#VALUE!
F,PERRY,W,5/13/2012,48,10,CLOUDY,0,#VALUE!,#VALUE!
